{
  "train_loss": [
    2.450235623907257,
    0.8831989731671789,
    0.45089784075723144
  ],
  "em": [
    69.19999999999999,
    75.4,
    76.6
  ],
  "f1": [
    74.27452302128705,
    80.29134362353221,
    81.46983041829172
  ]
}